idno,identifier,author,title,date,decade,genre,insp-type,insp-region
tc0001,tc0001,AbeilleG,Lyncee,1681,1680s,Tragédie,mythe,grece
tc0007,tc0007,AllainvalA,EcoleBourgois,1728,1720s,Comédie,moeurs,france
tc0025,tc0025,BaranteC,ArlequinMisanthrope,1697,1690s,Comédie,moeurs,france
tc0027,tc0027,Barante-dufesny,PasquinMarforio,1697,1690s,Comédie,moeurs,france
tc0030,tc0030,BeaumarchaisP,BarbierSeville,1775,1770s,Comédie,moeurs,espagne
tc0034,tc0034,BenseradeI,Cleopatre,1636,1630s,Tragédie,histoire,rome
tc0035,tc0035,BenseradeI,MortAchille1,1636,1630s,Tragédie,mythe,grece
tc0037,tc0037,BeysC,CelineFreres,1637,1630s,Tragi-comédie,histoire,europe
tc0039,tc0039,BiancolelliP,EcoleGalante,1711,1710s,Comédie,moeurs,france
tc0047,tc0047,BoisrobertF,Cassandre,1654,1650s,Tragi-comédie,moeurs,france
tc0048,tc0048,BoisrobertF,RivauxAmis,1668,1660s,Tragi-comédie,moeurs,france
tc0051,tc0051,BoissyL,DehorsTrompeurs,1740,1740s,Comédie,moeurs,france
tc0053,tc0053,BoissyL,HommeJour,1732,1730s,Comédie,moeurs,france
tc0054,tc0054,BoissyL,MedecinOccasion,1745,1740s,Comédie,moeurs,france
tc0055,tc0055,BoissyL,VieSonge,1732,1730s,Comédie,moeurs,europe
tc0058,tc0058,BoursaultE,ComedieTitre,1694,1690s,Comédie,moeurs,france
tc0059,tc0059,BoursaultE,EsopeCour,1701,1700s,Comédie,mythe,grece
tc0061,tc0061,BoursaultE,Germanicus,1694,1690s,Tragédie,histoire,rome
tc0063,tc0063,BoursaultE,MarieStuard,1691,1690s,Tragédie,histoire,europe
tc0065,tc0065,BoursaultE,MortVivant,1662,1660s,Comédie,moeurs,espagne
tc0069,tc0069,BoyerC,Agamemnon,1680,1680s,Tragédie,mythe,grece
tc0070,tc0070,BoyerC,AmoursJupiter,1666,1660s,Tragédie,mythe,grece
tc0071,tc0071,BoyerC,Aristodeme,1648,1640s,Tragédie,histoire,grece
tc0072,tc0072,BoyerC,Artaxerce1,1683,1680s,Tragédie,histoire,orient
tc0073,tc0073,BoyerC,Federic,1660,1660s,Tragi-comédie,moeurs,europe
tc0074,tc0074,BoyerC,Judith,1695,1690s,Tragédie,bible,divers
tc0076,tc0076,BoyerC,MortEnfants,1648,1640s,Tragédie,histoire,rome
tc0077,tc0077,BoyerC,Oropaste,1663,1660s,Tragédie,histoire,orient
tc0078,tc0078,BoyerC,PorcieRomaine,1646,1640s,Tragédie,histoire,rome
tc0079,tc0079,BoyerC,Tyridate,1649,1640s,Tragédie,histoire,rome
tc0080,tc0080,BoyerA,Caton,1713,1710s,Tragédie,histoire,rome
tc0082,tc0082,Brueys-Palaprat,AvocatPatelin,1706,1700s,Comédie,moeurs,france
tc0083,tc0083,CailhavaJ,Egoisme,1777,1770s,Comédie,moeurs,france
tc0084,tc0084,CampistronJ,AchillePolixene,1688,1680s,Tragédie,mythe,grece
tc0086,tc0086,CampistronJ,Adrien,1683,1680s,Tragédie,histoire,divers
tc0087,tc0087,CampistronJ,Alcibiade,1685,1680s,Tragédie,histoire,grece
tc0088,tc0088,CampistronJ,Andronic,1685,1680s,Tragédie,histoire,rome
tc0089,tc0089,CampistronJ,Arminius,1685,1680s,Tragédie,histoire,rome
tc0090,tc0090,CampistronJ,Phocion,1688,1680s,Tragédie,histoire,grece
tc0091,tc0091,CampistronJ,Virginie,1683,1680s,Tragédie,histoire,rome
tc0116,tc0116,ChabanonM,Eudoxie,1769,1760s,Tragédie,histoire,rome
tc0120,tc0120,ChamfortS,MustaphaZeangir,1777,1770s,Tragédie,moeurs,orient
tc0125,tc0125,ChevalierJ,AmoursCalotins,1664,1660s,Comédie,moeurs,france
tc0126,tc0126,ChevreauU,AvocatDupe,1637,1630s,Comédie,moeurs,france
tc0127,tc0127,ColardeauC,Astarbe,1758,1750s,Tragédie,histoire,rome
tc0130,tc0130,CorneilleP,Agesilas,1666,1660s,Tragédie,histoire,grece
tc0131,tc0131,CorneilleP,Andromede,1651,1650s,Tragédie,mythe,grece
tc0132,tc0132,CorneilleP,Attila,1668,1660s,Tragédie,histoire,divers
tc0133,tc0133,CorneilleP,LeCid,1637,1630s,Tragi-comédie,histoire,europe
tc0134,tc0134,CorneilleP,Cinna,1643,1640s,Tragédie,histoire,rome
tc0135,tc0135,CorneilleP,Clitandre,1631,1630s,Comédie,histoire,europe
tc0136,tc0136,CorneilleP,DonSancheAragon,1649,1640s,Comédie,moeurs,espagne
tc0137,tc0137,CorneilleP,GaleriePalais,1637,1630s,Comédie,moeurs,france
tc0138,tc0138,CorneilleP,HeracliusEmpereur,1647,1640s,Tragédie,histoire,rome
tc0139,tc0139,CorneilleP,Horace,1641,1640s,Tragédie,histoire,rome
tc0140,tc0140,CorneilleP,IllusionComique,1639,1630s,Comédie,moeurs,france
tc0141,tc0141,CorneilleP,Medee1,1639,1630s,Tragédie,mythe,grece
tc0142,tc0142,CorneilleP,Melite,1630,1630s,Comédie,moeurs,france
tc0143,tc0143,CorneilleP,Menteur,1644,1640s,Comédie,moeurs,france
tc0144,tc0144,CorneilleP,MortPompee,1644,1640s,Tragédie,histoire,rome
tc0145,tc0145,CorneilleP,Nicomede,1651,1650s,Tragédie,histoire,rome
tc0146,tc0146,CorneilleP,Oedipe1,1659,1650s,Tragédie,mythe,grece
tc0147,tc0147,CorneilleP,Othon,1665,1660s,Tragédie,histoire,rome
tc0148,tc0148,CorneilleP,Pertharite,1653,1650s,Tragédie,histoire,divers
tc0149,tc0149,CorneilleP,PlaceRoyale,1637,1630s,Comédie,moeurs,france
tc0150,tc0150,CorneilleP,PolyeucteMaryr,1643,1640s,Tragédie,histoire,divers
tc0151,tc0151,CorneilleP,Pulcherie,1673,1670s,Comédie,histoire,divers
tc0152,tc0152,CorneilleP,Rodogune,1644,1640s,Tragédie,histoire,rome
tc0153,tc0153,CorneilleP,Serorius,1662,1660s,Tragédie,histoire,rome
tc0154,tc0154,CorneilleP,Sophonsbe1,1663,1660s,Tragédie,histoire,rome
tc0155,tc0155,CorneilleP,SuiteMenteur,1645,1640s,Comédie,moeurs,france
tc0156,tc0156,CorneilleP,Suivante,1634,1630s,Comédie,moeurs,france
tc0157,tc0157,CorneilleP,Surena,1675,1670s,Tragédie,histoire,orient
tc0158,tc0158,CorneilleP,Theodore,1646,1640s,Tragédie,histoire,divers
tc0159,tc0159,CorneilleP,TiteBerenice,1671,1670s,Comédie,histoire,rome
tc0160,tc0160,CorneilleP,ConqueteToison,1661,1660s,Tragédie,mythe,grece
tc0161,tc0161,CorneilleP,Veuve,1631,1630s,Comédie,moeurs,france
tc0162,tc0162,CorneilleT,AmourMode,1651,1650s,Comédie,moeurs,espagne
tc0163,tc0163,CorneilleT,Ariane,1672,1670s,Tragédie,mythe,grece
tc0164,tc0164,CorneilleT,Berenice1,1657,1650s,Tragédie,histoire,grece
tc0166,tc0166,CorneilleT,Bradamante1,1695,1690s,Tragédie,histoire,france
tc0167,tc0167,CorneilleT,CammaReine,1661,1660s,Tragédie,mythe,grece
tc0168,tc0168,CorneilleT,CharmeVoix,1658,1650s,Comédie,moeurs,europe
tc0169,tc0169,CorneilleT,Circe,1677,1670s,Tragédie,mythe,grece
tc0170,tc0170,CorneilleT,ComteEssex,1678,1670s,Tragédie,histoire,angleterre
tc0171,tc0171,CorneilleT,ComtesseOrgueil,1709,1700s,Comédie,moeurs,france
tc0172,tc0172,CorneilleT,Darius,1659,1650s,Tragédie,histoire,orient
tc0173,tc0173,CorneilleT,BertragCigarral,1709,1700s,Comédie,moeurs,espagne
tc0174,tc0174,CorneilleT,CesarAvalos,1661,1660s,Comédie,moeurs,espagne
tc0175,tc0175,CorneilleT,EngamentsHasard,1662,1660s,Tragédie,histoire,angleterre
tc0176,tc0176,CorneilleT,FeintAstrologue,1651,1650s,Comédie,moeurs,france
tc0177,tc0177,CorneilleT,FestinPierre,1677,1670s,Comédie,moeurs,espagne
tc0178,tc0178,CorneilleT,GalantDouble,1659,1650s,Comédie,moeurs,espagne
tc0179,tc0179,CorneilleT,GeolierSoiMeme,1655,1650s,Comédie,moeurs,europe
tc0180,tc0180,CorneilleT,IllustresEnnemis,1657,1650s,Comédie,moeurs,espagne
tc0181,tc0181,CorneilleT,Inconnu,1675,1670s,Comédie,moeurs,france
tc0182,tc0182,CorneilleT,Maximian,1662,1660s,Tragédie,histoire,rome
tc0184,tc0184,CorneilleT,MortAnnibal,1669,1660s,Tragédie,histoire,rome
tc0185,tc0185,CorneilleT,MortAchille2,1673,1670s,Tragédie,mythe,grece
tc0186,tc0186,CorneilleT,MortCommode,1657,1650s,Tragédie,histoire,rome
tc0187,tc0187,CorneilleT,PerseeDemetrius,1662,1660s,Tragédie,histoire,rome
tc0188,tc0188,CorneilleT,PyrrhusRoi,1661,1660s,Tragédie,mythe,grece
tc0189,tc0189,CorneilleT,Stilicon,1660,1660s,Tragédie,histoire,rome
tc0190,tc0190,CorneilleT,Theodat,1673,1670s,Tragédie,histoire,divers
tc0191,tc0191,CorneilleT,Timocrate,1656,1650s,Tragédie,histoire,grece
tc0195,tc0195,CrebillonP,AtreeThyeste,1707,1700s,Tragédie,mythe,grece
tc0196,tc0196,CrebillonP,Catilina,1749,1740s,Tragédie,histoire,rome
tc0197,tc0197,CrebillonP,Electre,1709,1700s,Tragédie,mythe,grece
tc0198,tc0198,CrebillonP,Idomenee,1703,1700s,Tragédie,histoire,grece
tc0199,tc0199,CrebillonP,Pyrrhus,1726,1720s,Tragédie,mythe,grece
tc0200,tc0200,CrebillonP,RhadamisteZenobie,1711,1710s,Tragédie,histoire,rome
tc0201,tc0201,CrebillonP,Semiramis1,1717,1710s,Tragédie,histoire,orient
tc0202,tc0202,CrebillonP,Triumvirat,1754,1750s,Tragédie,histoire,rome
tc0203,tc0203,CrebillonP,Xerces,1749,1740s,Tragédie,histoire,rome
tc0212,tc0212,CyranodbS,MortAgrippine,1654,1650s,Tragédie,mythe,grece
tc0214,tc0214,DalibrayC,Soliman,1768,1760s,Tragi-comédie,moeurs,france
tc0215,tc0215,DancourtF,Agioteurs,1710,1710s,Comédie,moeurs,france
tc0217,tc0217,DancourtF,BourgoisesMode,1692,1690s,Comédie,mythe,grece
tc0218,tc0218,DancourtF,CephaleProcris,1711,1710s,Comédie,moeurs,france
tc0220,tc0220,DancourtF,ChevalierMode,1687,1680s,Comédie,moeurs,france
tc0222,tc0222,DancourtF,ComedieComediens,1710,1710s,Comédie,moeurs,france
tc0227,tc0227,DancourtF,SecondDiableBoiteux,1707,1700s,Comédie,moeurs,france
tc0230,tc0230,DancourtF,EnfantsParis,1699,1690s,Comédie,moeurs,france
tc0232,tc0232,DancourtF,Fees,1699,1690s,Comédie,moeurs,france
tc0233,tc0233,DancourtF,FemmeIntrigues,1692,1690s,Comédie,autre,divers
tc0234,tc0234,DancourtF,FeteVillage,1700,1700s,Comédie,moeurs,france
tc0239,tc0239,DancourtF,FondsPerdus,1686,1680s,Comédie,moeurs,france
tc0245,tc0245,DancourtF,NouveauPrologue,1697,1690s,Comédie,moeurs,france
tc0247,tc0247,DancourtF,MadameArtus,1707,1700s,Comédie,moeurs,france
tc0250,tc0250,DancourtF,Metempsycose,1718,1710s,Comédie,moeurs,france
tc0258,tc0258,DancourtF,SanchoPansa,1712,1710s,Comédie,moeurs,france
tc0259,tc0259,DancourtF,TrahisonPunie,1707,1700s,Comédie,moeurs,france
tc0265,tc0265,DesfontaineS,Eurimedon,1637,1630s,Tragi-comédie,moeurs,france
tc0266,tc0266,DesfontaineS,Perside,1644,1640s,Tragédie,histoire,grece
tc0267,tc0267,DesfontaineS,IllustreComedien,1645,1640s,Tragédie,histoire,orient
tc0268,tc0268,DesfontaineS,VeritableSemiramis,1647,1640s,Tragi-comédie,histoire,rome
tc0269,tc0269,DeshoulieresA,Genseric,1680,1680s,Tragédie,histoire,divers
tc0271,tc0271,DesmaretsL,Visionnaires,1639,1630s,Comédie,histoire,france
tc0273,tc0273,DiderotD,BonMechant,1779,1770s,Comédie,moeurs,france
tc0275,tc0275,DiderotD,PereFamille,1758,1750s,Comédie,moeurs,france
tc0279,tc0279,DoratC,Célibataire,1776,1770s,Comédie,moeurs,france
tc0284,tc0284,DuboscC,BalanceEtat,1652,1650s,Tragi-comédie,moeurs,france
tc0285,tc0285,DucheJ,Absalon,1702,1700s,Tragédie,histoire,france
tc0287,tc0287,DufresnyC,CoquetteVillage,1715,1710s,Comédie,moeurs,france
tc0290,tc0290,DufresnyC,DoubleVeuvage,1699,1690s,Comédie,moeurs,france
tc0292,tc0292,DufresnyC,FauxHonneteHomme,1703,1700s,Comédie,moeurs,france
tc0293,tc0293,DufresnyC,FauxInstinct,1707,1700s,Comédie,moeurs,france
tc0294,tc0294,DufresnyC,FauxSincere,1731,1730s,Comédie,moeurs,france
tc0295,tc0295,DufresnyC,JalouxHonteux,1708,1700s,Comédie,moeurs,france
tc0296,tc0296,DufresnyC,Joueuse,1699,1690s,Comédie,moeurs,france
tc0297,tc0297,DufresnyC,MaladeMaladie,1699,1690s,Comédie,moeurs,france
tc0299,tc0299,DufresnyC,MariageFait,1721,1720s,Comédie,moeurs,france
tc0300,tc0300,DufresnyC,Negligent,1692,1690s,Comédie,moeurs,france
tc0302,tc0302,DufresnyC,Reconciliation,1719,1710s,Comédie,moeurs,france
tc0305,tc0305,Regnard-Dufresny,Chinois,1692,1690s,Comédie,moeurs,france
tc0322,tc0322,DuryerP,Alcimedon,1636,1630s,Tragi-comédie,mythe,grece
tc0323,tc0323,DuryerP,Alcionee,1640,1640s,Tragédie,mythe,grece
tc0324,tc0324,DuryerP,Anaxandre,1655,1650s,Tragi-comédie,mythe,grece
tc0325,tc0325,DuryerP,ArgenisPoliarque,1630,1630s,Tragi-comédie,mythe,grece
tc0326,tc0326,DuryerP,Berenice2,1635,1630s,Tragi-comédie,moeurs,divers
tc0327,tc0327,DuryerP,Dynamis,1653,1650s,Tragi-comédie,moeurs,france
tc0328,tc0328,DuryerP,Esther1,1644,1640s,Tragédie,bible,divers
tc0329,tc0329,DuryerP,LisandreCaliste,1632,1630s,Tragi-comédie,moeurs,france
tc0330,tc0330,DuryerP,Lucrece,1638,1630s,Tragédie,histoire,rome
tc0331,tc0331,DuryerP,Nitocris,1650,1650s,Tragi-comédie,histoire,rome
tc0332,tc0332,DuryerP,Saul,1642,1640s,Tragédie,bible,divers
tc0333,tc0333,DuryerP,Scevole,1647,1640s,Tragédie,histoire,rome
tc0334,tc0334,DuryerP,Themistocle1,1648,1640s,Tragédie,histoire,grece
tc0335,tc0335,DuryerP,VendangesSuresnes,1636,1630s,Comédie,moeurs,france
tc0343,tc0343,FolardM,Themistocle2,1729,1720s,Tragédie,histoire,grece
tc0350,tc0350,GenestA,Penelope,1684,1680s,Tragédie,mythe,grece
tc0351,tc0351,GilbertG,Rodogune,1646,1640s,Tragi-comédie,histoire,divers
tc0352,tc0352,GilletdlT,Campagnard,1657,1650s,Comédie,moeurs,france
tc0353,tc0353,GilletdlT,Deniaise,1647,1640s,Comédie,moeurs,france
tc0358,tc0358,GressetJ,EdouardIII,1740,1740s,Tragédie,histoire,angleterre
tc0359,tc0359,GudinP,LothaireValrade,1759,1750s,Tragédie,histoire,france
tc0360,tc0360,GuerinD,DonQuichotte,1639,1630s,Tragi-comédie,moeurs,espagne
tc0361,tc0361,GuerinD,DonQuichotteSuite,1640,1640s,Tragi-comédie,moeurs,espagne
tc0362,tc0362,GuerinD,FilsDesavoue,1642,1640s,Tragi-comédie,histoire,rome
tc0365,tc0365,GueulletteT,ArlequinPluton,1719,1710s,Comédie,mythe,grece
tc0381,tc0381,HenaultC,MariusCirte,1702,1700s,Tragédie,histoire,rome
tc0385,tc0385,LacalprenedeG,Bradamante2,1637,1630s,Tragi-comédie,histoire,divers
tc0386,tc0386,LacalprenedeG,Clarionte,1637,1630s,Tragi-comédie,histoire,divers
tc0387,tc0387,LacalprenedeG,ComteEssex,1654,1650s,Tragédie,histoire,angleterre
tc0388,tc0388,LacalprenedeG,Edouard,1640,1640s,Tragi-comédie,histoire,angleterre
tc0389,tc0389,LacalprenedeG,MortEnfantsHerode,1639,1630s,Tragédie,histoire,rome
tc0390,tc0390,LacalprenedeG,Hermenegilde,1644,1640s,Tragédie,histoire,divers
tc0391,tc0391,LacalprenedeG,Jeanne,1638,1630s,Tragédie,histoire,angleterre
tc0392,tc0392,LacalprenedeG,MortMitridate,1637,1630s,Tragédie,histoire,rome
tc0393,tc0393,LacalprenedeG,Phalante,1642,1640s,Tragédie,mythe,grece
tc0394,tc0394,LachapelleJ,Zaide,1681,1680s,Tragédie,autre,divers
tc0397,tc0397,LafontaineJ,Astree,1691,1690s,Tragédie,autre,divers
tc0399,tc0399,LafontaineJ,Eunuque,1654,1650s,Comédie,moeurs,europe
tc0402,tc0402,LafontaineJ,Ragotin,1684,1680s,Comédie,moeurs,france
tc0407,tc0407,LafosseA,ManliusCapitolinus,1747,1740s,Tragédie,histoire,rome
tc0409,tc0409,LagrangeF,Amasis,1701,1700s,Tragédie,histoire,divers
tc0410,tc0410,LaharpeJ,ComteWarwik,1764,1760s,Tragédie,histoire,angleterre
tc0415,tc0415,LamotteA,InesCasto,1723,1720s,Tragédie,histoire,europe
tc0416,tc0416,LamotteA,Machabees,1722,1720s,Tragédie,bible,divers
tc0418,tc0418,LamotteA,Scanderberg,1735,1730s,Tragédie,histoire,orient
tc0421,tc0421,LefrancJ,Didon,1734,1730s,Tragédie,mythe,rome
tc0422,tc0422,LegouveJ,Attilie,1776,1770s,Tragédie,histoire,rome
tc0429,tc0429,LemierreA,Artaxerxe2,1768,1760s,Tragédie,histoire,orient
tc0430,tc0430,LemierreA,GuillaumeTell,1767,1760s,Tragédie,histoire,europe
tc0431,tc0431,LemierreA,VeuveMalabar,1770,1770s,Tragédie,moeurs,france
tc0436,tc0436,LevayerR,GrandSelim,1645,1640s,Tragédie,histoire,orient
tc0437,tc0437,LinantM,Alzaide,1746,1740s,Tragédie,histoire,france
tc0438,tc0438,LongepierreH,Medee2,1694,1690s,Tragédie,mythe,grece
tc0439,tc0439,MagnonJ,Artaxerxe3,1645,1640s,Tragédie,histoire,orient
tc0440,tc0440,MagnonJ,Tamerlan1,1648,1640s,Tragédie,histoire,orient
tc0441,tc0441,MairetJ,Sophonisbe2,1635,1630s,Tragédie,histoire,rome
tc0444,tc0444,Marivaux,Annibal,1720,1720s,Tragédie,histoire,rome
tc0450,tc0450,Marivaux,DoubleInconstance,1724,1720s,Comédie,moeurs,france
tc0453,tc0453,Marivaux,FaussesConfidences,1737,1730s,Comédie,moeurs,france
tc0454,tc0454,Marivaux,FausseSuivante,1729,1720s,Comédie,moeurs,france
tc0458,tc0458,Marivaux,HeureuxStratageme,1733,1730s,Comédie,moeurs,france
tc0459,tc0459,Marivaux,IleRaison,1727,1720s,Comédie,moeurs,france
tc0461,tc0461,Marivaux,JeuAmourHasard,1730,1730s,Comédie,moeurs,france
tc0465,tc0465,Marivaux,MereConfidence,1735,1730s,Comédie,moeurs,france
tc0467,tc0467,Marivaux,PetitMaitreCorrige,1734,1730s,Comédie,moeurs,france
tc0469,tc0469,Marivaux,PrinceTravesti,1727,1720s,Comédie,moeurs,france
tc0472,tc0472,Marivaux,SecondeSurprise,1728,1720s,Comédie,moeurs,france
tc0473,tc0473,Marivaux,SermentsIndiscrets,1732,1730s,Comédie,moeurs,france
tc0475,tc0475,Marivaux,SurpriseAmour,1723,1720s,Comédie,moeurs,france
tc0476,tc0476,Marivaux,TriompheAmour,1732,1730s,Comédie,moeurs,france
tc0484,tc0484,Moliere,AmantsMagnifiques,1670,1670s,Comédie,moeurs,france
tc0485,tc0485,Moliere,AmourMedecin,1665,1660s,Comédie,moeurs,france
tc0486,tc0486,Moliere,Amphytrion,1668,1660s,Comédie,mythe,grece
tc0487,tc0487,Moliere,Avare,1669,1660s,Comédie,moeurs,france
tc0488,tc0488,Moliere,BourgeoisGentilhomme,1670,1670s,Comédie,moeurs,france
tc0491,tc0491,Moliere,DepitAmoureux,1656,1650s,Comédie,moeurs,france
tc0493,tc0493,Moliere,DonGarcie,1661,1660s,Comédie,moeurs,espagne
tc0494,tc0494,Moliere,DonJuan,1665,1660s,Comédie,moeurs,europe
tc0495,tc0495,Moliere,EcoleFemmes,1662,1660s,Comédie,moeurs,france
tc0496,tc0496,Moliere,EcolesMaris,1673,1670s,Comédie,moeurs,france
tc0497,tc0497,Moliere,Etourdi,1655,1650s,Comédie,moeurs,france
tc0498,tc0498,Moliere,Facheux,1662,1660s,Comédie,moeurs,france
tc0499,tc0499,Moliere,FemmesSavantes,1672,1670s,Comédie,moeurs,france
tc0500,tc0500,Moliere,FourberiesScapin,1671,1670s,Comédie,moeurs,france
tc0501,tc0501,Moliere,GeorgeDandin,1668,1660s,Comédie,moeurs,france
tc0504,tc0504,Moliere,MaladeImaginaire,1673,1670s,Comédie,moeurs,france
tc0506,tc0506,Moliere,MedecinMalgreLui,1668,1660s,Comédie,moeurs,france
tc0509,tc0509,Moliere,Misanthrope,1666,1660s,Comédie,moeurs,france
tc0510,tc0510,Moliere,MPourceaugnac,1665,1660s,Comédie,moeurs,france
tc0512,tc0512,Moliere,PrincesseElide,1664,1660s,Comédie,moeurs,france
tc0513,tc0513,Moliere,Psyche,1666,1660s,Tragi-comédie,moeurs,france
tc0516,tc0516,MolineP,Legislatrices,1765,1760s,Comédie,moeurs,france
tc0520,tc0520,NadalA,Herode,1709,1700s,Tragédie,bible,divers
tc0521,tc0521,NadalA,Mariamne1,1725,1720s,Tragédie,bible,divers
tc0522,tc0522,NadalA,OsarphisMoise,1738,1730s,Tragédie,bible,divers
tc0525,tc0525,NericaultP,Glorieux,1732,1730s,Comédie,bible,divers
tc0526,tc0526,NivelleP,EcoleAmis,1749,1740s,Comédie,moeurs,france
tc0527,tc0527,NivelleP,EcolesMeres,1745,1740s,Comédie,moeurs,france
tc0528,tc0528,NivelleP,FausseAntipathie,1734,1730s,Comédie,moeurs,france
tc0529,tc0529,NivelleP,Gouvernante,1747,1740s,Comédie,moeurs,france
tc0530,tc0530,NivelleP,PrejugeMode,1735,1730s,Comédie,moeurs,france
tc0531,tc0531,OuvilleF,AbsentChezSoi,1643,1640s,Comédie,moeurs,france
tc0532,tc0532,OuvilleF,FaussesVerites,1643,1640s,Comédie,moeurs,france
tc0533,tc0533,OuvilleF,SoupconsApparences,1650,1650s,Comédie,moeurs,france
tc0540,tc0540,PalissotC,NinusSecond,1751,1750s,Tragédie,histoire,orient
tc0541,tc0541,PalissotC,Philosophes,1760,1760s,Comédie,moeurs,france
tc0545,tc0545,PellegrinS,Tibere,1727,1720s,Tragédie,histoire,rome
tc0547,tc0547,PironA,ArlequinDeucalion,1722,1720s,Comédie,mythe,grece
tc0548,tc0548,PironA,EcolePeres,1728,1720s,Comédie,moeurs,france
tc0550,tc0550,PironA,GustaveWasa,1733,1730s,Tragédie,histoire,europe
tc0551,tc0551,PironA,Metromanie,1738,1730s,Comédie,moeurs,france
tc0561,tc0561,Prade,ArsaceRoi,1666,1660s,Tragédie,histoire,divers
tc0562,tc0562,PradonN,Tamerlan2,1676,1670s,Tragédie,histoire,orient
tc0563,tc0563,PradonN,PhedreHippolyte,1677,1670s,Tragédie,mythe,grece
tc0564,tc0564,PradonN,Regulus,1687,1680s,Tragédie,histoire,rome
tc0565,tc0565,PradonN,ScipionAfricain,1697,1690s,Tragédie,histoire,rome
tc0566,tc0566,PradonN,Statira,1680,1680s,Tragédie,histoire,divers
tc0567,tc0567,QuinaultP,Amadis,1684,1680s,Tragédie,mythe,grece
tc0569,tc0569,QuinaultP,Atys,1676,1670s,Tragédie,mythe,grece
tc0570,tc0570,QuinaultP,Bellerophon,1671,1670s,Tragédie,mythe,grece
tc0573,tc0573,QuinaultP,FantomeAmoureux,1657,1650s,Tragi-comédie,moeurs,europe
tc0576,tc0576,QuinaultP,MereCoquette,1665,1660s,Comédie,moeurs,france
tc0578,tc0578,QuinaultP,Proserpine,1680,1680s,Tragédie,mythe,grece
tc0580,tc0580,QuinaultP,Stratonice,1660,1660s,Tragi-comédie,histoire,rome
tc0581,tc0581,QuinaultP,Thesee,1675,1670s,Tragédie,mythe,grece
tc0582,tc0582,RacineJ,AlexandreGrand,1666,1660s,Tragédie,histoire,grece
tc0583,tc0583,RacineJ,Andromaque1,1668,1660s,Tragédie,mythe,grece
tc0584,tc0584,RacineJ,Andromaque2,1668,1660s,Tragédie,mythe,grece
tc0585,tc0585,RacineJ,Athalie,1691,1690s,Tragédie,bible,divers
tc0586,tc0586,RacineJ,Bjazet,1672,1670s,Tragédie,histoire,orient
tc0587,tc0587,RacineJ,Berenice3,1671,1670s,Tragédie,histoire,rome
tc0588,tc0588,RacineJ,Britannicus,1670,1670s,Tragédie,histoire,rome
tc0589,tc0589,RacineJ,Esther2,1689,1680s,Tragédie,bible,divers
tc0590,tc0590,RacineJ,Iphigenie,1674,1670s,Tragédie,mythe,grece
tc0591,tc0591,RacineJ,Mithridate,1673,1670s,Tragédie,histoire,rome
tc0592,tc0592,RacineJ,Phedre,1677,1670s,Tragédie,mythe,grece
tc0593,tc0593,RacineJ,Plaideurs,1669,1660s,Comédie,moeurs,france
tc0594,tc0594,RacineJ,Thebaide,1664,1660s,Tragédie,mythe,grece
tc0596,tc0596,RegnardJ,ArlequinHomme,1690,1690s,Comédie,moeurs,france
tc0600,tc0600,RegnardJ,CoquetteAcademie,1691,1690s,Comédie,moeurs,france
tc0601,tc0601,RegnardJ,Democrite,1700,1700s,Comédie,moeurs,divers
tc0602,tc0602,RegnardJ,Distrait,1697,1690s,Comédie,moeurs,france
tc0603,tc0603,RegnardJ,Divorce,1688,1680s,Comédie,moeurs,france
tc0604,tc0604,RegnardJ,FillesErrantes,1690,1690s,Comédie,moeurs,france
tc0605,tc0605,RegnardJ,FoliesAmoureuses,1696,1690s,Comédie,moeurs,france
tc0607,tc0607,RegnardJ,Joueur,1692,1690s,Comédie,moeurs,france
tc0608,tc0608,RegnardJ,LegataireUniversel,1704,1700s,Comédie,moeurs,france
tc0610,tc0610,RegnardJ,MenechmesJumeaux,1705,1700s,Comédie,moeurs,france
tc0612,tc0612,RegnardJ,Sapor,1704,1700s,Tragédie,histoire,rome
tc0620,tc0620,RotrouJ,AgesilanColchos,1637,1630s,Tragi-comédie,histoire,grece
tc0622,tc0622,RotrouJ,Amelie,1637,1630s,Tragi-comédie,histoire,rome
tc0623,tc0623,RotrouJ,Antigone,1638,1630s,Tragédie,autre,divers
tc0625,tc0625,RotrouJ,Cosroes,1649,1640s,Tragédie,histoire,orient
tc0626,tc0626,RotrouJ,DonBernardCabrere,1647,1640s,Tragi-comédie,histoire,europe
tc0627,tc0627,RotrouJ,HerculeMourant,1636,1630s,Tragédie,mythe,grece
tc0628,tc0628,RotrouJ,VeritableSaintGenest,1648,1640s,Tragédie,histoire,rome
tc0629,tc0629,RotrouJ,Sosies,1638,1630s,Comédie,mythe,grece
tc0630,tc0630,RotrouJ,Venceslas,1648,1640s,Tragi-comédie,histoire,europe
tc0641,tc0641,Saintevremond,ComedieAcademiciens,1650,1650s,Comédie,moeurs,france
tc0643,tc0643,SallebrayM,BelleEgyptienne,1640,1640s,Tragi-comédie,moeurs,espagne
tc0644,tc0644,SaurinJ,BlancheGuiscard,1763,1760s,Tragédie,histoire,europe
tc0646,tc0646,SaurinJ,Spartacus,1760,1760s,Tragédie,histoire,rome
tc0648,tc0648,ScarronP,DonJaphet,1653,1650s,Comédie,moeurs,france
tc0649,tc0649,ScarronP,EscolierSalamance,1655,1650s,Tragi-comédie,moeurs,espagne
tc0650,tc0650,ScarronP,FausseApparence,1663,1660s,Tragi-comédie,moeurs,espagne
tc0651,tc0651,ScarronP,GardienSoiMeme,1654,1650s,Comédie,moeurs,europe
tc0652,tc0652,ScarronP,HeritierRidicule,1650,1650s,Comédie,moeurs,espagne
tc0653,tc0653,ScarronP,JodeletMaitre,1648,1640s,Comédie,moeurs,france
tc0654,tc0654,ScarronP,JodeletDuelliste,1646,1640s,Comédie,moeurs,france
tc0655,tc0655,ScarronP,MarquisRidicule,1656,1650s,Comédie,moeurs,espagne
tc0656,tc0656,ScarronP,PrinceCorsaire,1650,1650s,Comédie,moeurs,europe
tc0657,tc0657,ScuderyG,AmourTyrannique,1640,1640s,Tragi-comédie,mythe,grece
tc0658,tc0658,ScuderyG,Arminius,1644,1640s,Tragédie,histoire,rome
tc0659,tc0659,ScuderyG,ComedieComediens,1635,1630s,Comédie,moeurs,france
tc0660,tc0660,ScuderyG,Eudoxe,1641,1640s,Tragi-comédie,histoire,rome
tc0661,tc0661,ScuderyG,FilsSuppose,1636,1630s,Comédie,moeurs,france
tc0662,tc0662,ScuderyG,LigdamonLidias,1631,1630s,Tragi-comédie,histoire,divers
tc0663,tc0663,ScuderyG,MortCesar1,1637,1630s,Tragédie,histoire,rome
tc0664,tc0664,ScuderyG,Orante,1636,1630s,Tragi-comédie,histoire,divers
tc0665,tc0665,ScuderyG,PrinceDeguise,1636,1630s,Tragi-comédie,histoire,divers
tc0666,tc0666,ScuderyG,VassalGenereux,1636,1630s,Tragi-comédie,moeurs,france
tc0673,tc0673,SommeriveC,Bajazet,1741,1740s,Tragédie,histoire,orient
tc0677,tc0677,TanevotA,AdamEve,1752,1750s,Tragédie,bible,divers
tc0678,tc0678,TristanF,Mariane,1644,1640s,Tragédie,bible,divers
tc0679,tc0679,TristanlF,MortChrispe,1645,1640s,Tragédie,bible,divers
tc0680,tc0680,TristanF,MortSeneque,1645,1640s,Tragédie,histoire,rome
tc0681,tc0681,TristanF,Osman,1656,1650s,Tragédie,histoire,orient
tc0682,tc0682,TristanF,Parasite,1654,1650s,Comédie,moeurs,france
tc0688,tc0688,VilliersC,FestinPierre,1660,1660s,Tragi-comédie,moeurs,espagne
tc0690,tc0690,Voltaire,AdelaideDuGuesclin,1766,1760s,Tragédie,histoire,france
tc0691,tc0691,Voltaire,Agathocle,1734,1730s,Tragédie,histoire,grece
tc0692,tc0692,Voltaire,Alzire,1736,1730s,Tragédie,histoire,europe
tc0694,tc0694,Voltaire,Brutus,1731,1730s,Tragédie,histoire,rome
tc0696,tc0696,Voltaire,Depositaire,1769,1760s,Comédie,moeurs,france
tc0698,tc0698,Voltaire,DroitSeigneur,1763,1760s,Comédie,moeurs,france
tc0699,tc0699,Voltaire,DucAlecon,1751,1750s,Tragédie,histoire,france
tc0700,tc0700,Voltaire,EnfantProdigue,1738,1730s,Comédie,moeurs,france
tc0701,tc0701,Voltaire,Envieux,1738,1730s,Tragédie,histoire,rome
tc0702,tc0702,Voltaire,Fanatisme,1741,1740s,Tragédie,histoire,orient
tc0703,tc0703,Voltaire,FemmeRaison,1759,1750s,Comédie,moeurs,france
tc0704,tc0704,Voltaire,Guebres,1769,1760s,Tragédie,histoire,rome
tc0706,tc0706,Voltaire,Irene,1778,1770s,Tragédie,histoire,rome
tc0707,tc0707,Voltaire,LoisMinos,1749,1740s,Tragédie,mythe,grece
tc0708,tc0708,Voltaire,Mariamne2,1724,1720s,Tragédie,histoire,divers
tc0709,tc0709,Voltaire,Merope,1743,1740s,Tragédie,histoire,rome
tc0710,tc0710,Voltaire,MortCesar1,1743,1740s,Tragédie,histoire,rome
tc0711,tc0711,Voltaire,Nanine,1749,1740s,Comédie,moeurs,france
tc0712,tc0712,Voltaire,Oedipe2,1718,1710s,Tragédie,mythe,grece
tc0713,tc0713,Voltaire,Olympe,1764,1760s,Tragédie,histoire,grece
tc0714,tc0714,Voltaire,Oreste,1750,1750s,Tragédie,mythe,grece
tc0715,tc0715,Voltaire,OriginauxMonsieur,1732,1730s,Comédie,moeurs,france
tc0716,tc0716,Voltaire,OrphelinChine,1755,1750s,Tragédie,histoire,divers
tc0718,tc0718,Voltaire,Pelopides,1772,1770s,Tragédie,mythe,grece
tc0719,tc0719,Voltaire,RomeSauvee,1750,1750s,Tragédie,histoire,rome
tc0722,tc0722,Voltaire,Semiramis2,1749,1740s,Tragédie,histoire,rome
tc0723,tc0723,Voltaire,Socrate,1759,1750s,Tragédie,histoire,grece
tc0724,tc0724,Voltaire,Sophonisbe3,1774,1770s,Tragédie,histoire,rome
tc0725,tc0725,Voltaire,Tancrede,1771,1770s,Tragédie,histoire,divers
tc0726,tc0726,Voltaire,TanisZelide,1733,1730s,Tragédie,mythe,divers
tc0727,tc0727,Voltaire,Zaire,1732,1730s,Tragédie,mythe,grece
